CPU Usage,Memory Usage,Disk I/O,Network Throughput,SLA Violation
0.20983441136030095,0.5855421631378035,0.865554452057024,0.2614282138109894,0
0.20634834485949063,0.2471714853265205,0.8401801363014506,0.4315124924149162,0
0.9859619626331969,0.6045940849745538,0.17061023468541156,0.660478062915857,0
0.9067022366690077,0.26922226115387454,0.3542251837330034,0.8496367440168052,0
0.34606636473763563,0.37656096843365794,0.9617032171342865,0.7833632562266263,0
0.6204521268965566,0.3938151774195927,0.22602168779798593,0.5196787805261531,0
0.7133524500015364,0.6851809831583381,0.3639777497025083,0.9670242884014342,0
0.2057736220993944,0.4544779650887426,0.9944635500097283,0.34775939210667417,0
0.8517722460303142,0.836170321707156,0.9811944442136391,0.5419861564448486,1
0.7111920872300407,0.8434608672272755,0.5503610311391811,0.4869866927089538,0
0.608619865230288,0.16487590239880603,0.6601089381555215,0.19293850798754358,0
0.3507313051287628,0.39103440590396865,0.14889883134061346,0.6137896751555286,0
0.6928242684570505,0.49475387727063147,0.6513161215103372,0.9170546624951806,0
0.6617340170642206,0.9967009038645226,0.7564103146791967,0.10574113906593162,1
0.12373027704752682,0.10680658748032791,0.9337443460570781,0.9441687082905048,1
0.9672579793803275,0.9287630630341182,0.6390806573594895,0.8834742696424458,1
0.18242386599397076,0.6912596406404256,0.8787661830180211,0.49789633121174803,0
0.6598780302050862,0.8765173697889057,0.5287932877094125,0.9905060178685507,1
0.8261512653405376,0.5084105872452753,0.7195645166429232,0.7001626521750922,0
0.8897248121743476,0.33232008943101476,0.48788669846196664,0.3336188043475443,0
0.4580700391411675,0.46268216088864533,0.15228275687231482,0.44177637062738573,0
0.5987602022642141,0.4008144868264547,0.6413984913698416,0.9081681821630097,0
0.6428368985197493,0.46891440072665946,0.41080775702039907,0.45360559800386113,0
0.3236402258330192,0.18827432270582012,0.6678296112062471,0.5783094227703748,0
0.568147151000794,0.9562630079859913,0.41393848057253135,0.8234244014351276,0
0.3226132915688779,0.7130060685684845,0.22856525857075474,0.419787773626499,0
0.39131131276381936,0.25735476453437134,0.5778439105708845,0.8441727048754778,0
0.9782668715162811,0.883872211371477,0.45731353711347256,0.4154684808575456,1
0.9228689259044491,0.8425444691620558,0.6253955024627005,0.24420304087885567,1
0.7361716094628554,0.9889501507624284,0.8916236694563763,0.6379014544324328,1
0.6025638247622246,0.6560625161810925,0.9697756472797666,0.7073076719506695,0
0.3519405072513486,0.2972925886222399,0.3784354460765039,0.6253422289582276,0
0.8354999801810943,0.719097150070732,0.8840840340367468,0.4211973776539992,0
0.21219641308294018,0.33854178549250363,0.6999404311419573,0.30386946343249516,0
0.6930315477191362,0.557524492224652,0.28421209815155557,0.8913971941106266,0
0.11021828029067716,0.7205740759284051,0.4996393742819827,0.5503235015940046,0
0.6973040488263833,0.12177258750221973,0.4424659388829051,0.9764203720214345,0
0.16351187266038686,0.5380020472822326,0.7515757499194844,0.2691283427337907,0
0.6144514205229099,0.9304814714620548,0.2119315591004592,0.9362302454905186,1
0.6358465155880394,0.6812297313896855,0.4227206153723858,0.1616054073094151,0
0.23379645497780166,0.9487682539702368,0.6194103274344887,0.2450969307776103,0
0.6738017242196918,0.2503305514828677,0.6911020942518646,0.11385540252217763,0
0.32136195554605734,0.28765946292160227,0.22294081328605536,0.8552623554822687,0
0.9137428250443735,0.6614733922089157,0.8231344689671961,0.7993443570865805,1
0.5485979790361516,0.7378702279686787,0.5119296446433645,0.9996019329253947,0
0.6252905006657848,0.657541311408653,0.6195511263098181,0.8766971482229848,0
0.9728909440368751,0.7646042883261939,0.9676259624489624,0.8011923277562081,1
0.5100910775071417,0.31378971778689474,0.35720519997328315,0.17610884028751406,0
0.5449782742323234,0.23350888086587998,0.5126707079937016,0.13504421501889907,0
0.6225295152502391,0.9352752762934448,0.7849071311458529,0.940374480701323,1
0.7938704619591049,0.3076028305459828,0.35842416227611795,0.269686545174326,0
0.9464127259176228,0.8817608511600497,0.8151204508301713,0.47419759317098975,1
0.10455542546159682,0.3462639996534993,0.36299640741570804,0.49528954112474566,0
0.8603877798725091,0.500774729502399,0.3756821489003914,0.7847661978377035,0
0.15913777548551714,0.7556416094454519,0.25769959489524463,0.8502796094276551,0
0.4913446047433716,0.5468150371197698,0.5543160384740753,0.5050527754836027,0
0.4961372443656412,0.38376130404754927,0.3258699952062682,0.5668308949425356,0
0.9729229580331429,0.41646041851567095,0.3694560295345132,0.34170595070827836,0
0.583395887636693,0.3728155203507958,0.4318364537783157,0.45807913271568446,0
0.7500273115537597,0.4938428116498528,0.24917480183814034,0.6099447330149167,0
0.91229761601161,0.2508572946594859,0.1645406999628859,0.18542614313950273,0
0.3496430646830194,0.3045426645368363,0.7856183722399275,0.8928757050756917,0
0.11178501092950027,0.434950321453762,0.45321236760653205,0.578414937418058,0
0.8896357647351599,0.11045848591729057,0.6463806208468786,0.8134823022155315,0
0.7283455426177706,0.5671736066225963,0.8447670298956728,0.3578675940344107,0
0.20787883060031453,0.17294159431688316,0.6037801152745443,0.9394394573194852,0
0.2634379451212831,0.6934185299852045,0.8684064295342003,0.8208826303630284,0
0.8266961396476563,0.8998732718820794,0.8232431818973817,0.34372569523327534,1
0.8983777818386056,0.7746866485686322,0.5919833981690097,0.19231116632523082,0
0.2380162628044722,0.2351521007353375,0.7405505251714438,0.2932262987170199,0
0.3252186083481358,0.15431687559150742,0.4699189677389912,0.7955286159613036,0
0.26606891742073957,0.5186850510553463,0.8100392245984065,0.70548815297122,0
0.3386821309135529,0.4777545852335101,0.11116363264958332,0.24917335926869866,0
0.8331172482082438,0.6615062526624746,0.526428845558152,0.9712687433056602,0
0.7052666104693346,0.5069791254550917,0.12786021182740917,0.30881636227792963,0
0.24783921813789367,0.37562825870795047,0.7726999659370246,0.23542504390539773,0
0.552822632722079,0.8803283465102038,0.672486441768588,0.2934213733327563,0
0.8194693590181383,0.6857896321424748,0.10343793039272481,0.22870101039915378,0
0.8579070308221378,0.19127874560429486,0.42284397287531217,0.190880296135985,0
0.8291020552112627,0.8741101574702841,0.44606019488033133,0.10898089899260444,0
0.20083501195124712,0.17282735474612698,0.4310073889805376,0.2561464453195198,0
0.28462567643380643,0.927033880275599,0.1916233146545832,0.6955999592244747,0
0.4733375521038987,0.3563856117657306,0.2896344674804828,0.9757691181210685,0
0.190700201239684,0.9742555846374756,0.6870624837327457,0.29684405169813455,0
0.9014745526659055,0.7797433784471272,0.42404541931088047,0.23904298360443324,0
0.7195621567849624,0.7551453762763887,0.146501849492165,0.1858248291457032,0
0.953607976265941,0.6337399007681057,0.8635828411814722,0.41122548856938246,1
0.7920886736624595,0.4721941913728164,0.764082566705377,0.30925539298704807,0
0.5104629857953323,0.9498398402020906,0.47691398716674527,0.15092709053204406,0
0.5719512423948221,0.2596858925227362,0.9554132535177662,0.43611215061943476,0
0.5596725723198092,0.3337784053842936,0.48474071912855365,0.8546426504587223,0
0.8324155177362538,0.4071230448635408,0.9604424292507397,0.12702340479645355,0
0.7327170630056601,0.5456318743125769,0.7583468413063261,0.7641256540186229,0
0.7261738200861555,0.2081881498335476,0.8893815229163701,0.6153465095938202,0
0.9515039159202695,0.753381918986766,0.4177453524402721,0.16309732567713126,0
0.8514372131193692,0.6053361291635714,0.6949128288225883,0.26306495114507455,0
0.9585357193023286,0.7989371675125676,0.131203240053835,0.4860499000871299,0
0.3870780672643852,0.8836749111452602,0.3478430568298767,0.8002227188301878,0
0.7534822003503954,0.7381544675058248,0.9385783474895347,0.29810019331427784,0
0.907494182157994,0.6239534141586459,0.9164755276352469,0.9224095994859334,1
0.2162434736363455,0.5726470453003542,0.7920305038968769,0.15630835799750642,0
0.17695767776902127,0.8054126060368575,0.13381398135901665,0.8601993181812019,0
0.92336131096129,0.21528617172958003,0.9939295138806676,0.9392993905773809,1
0.32176182991519614,0.4931656323536616,0.746608552590295,0.4037088510678061,0
0.12281566907391177,0.5928331385383626,0.5441919223061068,0.7378890897062388,0
0.6010866037125367,0.8758130340453603,0.11739486782584094,0.6092033993568967,0
0.9100167776632946,0.23270727403565555,0.5580015000319504,0.642204497769929,0
0.9936683165073703,0.7008340470072263,0.8829722436829165,0.8225298413420504,1
0.3908826388186797,0.16851777354127018,0.901232247716022,0.655105247067287,0
0.7533601109832154,0.9761400722596573,0.5143224440817337,0.9470087312803062,1
0.42726664214136456,0.5325279195939833,0.268670749687824,0.5693041217501921,0
0.9174392973699883,0.7375266790435313,0.4016872426337855,0.6672224975105421,0
0.8816211783081215,0.7260563318471261,0.39276562062072806,0.9520806202230166,1
0.7012766229135815,0.5995764543720576,0.23643556732008944,0.7583468176388252,0
0.4297256589643226,0.973952420648831,0.1470320913574214,0.3992105414338408,0
0.737265320016441,0.5404824672788264,0.5388140743060459,0.14665221920775612,0
0.3266191530162575,0.5153297181622608,0.9830732762477042,0.10972997527167672,0
0.35269512619677024,0.8779224248556733,0.903072248325687,0.29759853090682176,1
0.5938604104299275,0.48356317201237564,0.7785657132371055,0.24432886550776883,0
0.4309442227534902,0.949254328150839,0.31770444543295506,0.11721606979355831,0
0.12287721406968567,0.801626026210078,0.8181227436543047,0.10748794800447281,1
0.8353648638543519,0.411489753884007,0.34083340905517434,0.7756926842899501,0
0.2159917497195843,0.46388689129386296,0.7143554991010621,0.7862022628073816,0
0.9690688297671034,0.16925788146628823,0.6476745454268199,0.35006749848074104,0
0.22542046666554172,0.6219854086853182,0.631574050595174,0.9446768051258174,0
0.4853657334855829,0.21812038991414884,0.15727681835797813,0.5501014768689643,0
0.5836560426441306,0.6795138281870176,0.38950299069359373,0.2881534363361614,0
0.5821972156672827,0.769157430662447,0.8573027977762839,0.5523681183671174,0
0.9458489112521276,0.29368168481551377,0.7067172659824567,0.9182577376482272,1
0.7862128171666215,0.7636213696490197,0.576693751551058,0.6364737597144754,0
0.5824867297097084,0.5312636898667579,0.7880750151892458,0.8223762811176367,0
0.8576458990824448,0.15606261831705642,0.3726241559498734,0.9357675059038547,1
0.5244185696951426,0.8026854274615959,0.41328603385145934,0.735621546299736,0
0.9539969835279999,0.20851019719955094,0.9748047966683834,0.19123560779784324,1
0.5998885350423647,0.3453616006601804,0.11288374990035399,0.3694450363348135,0
0.16548670572777419,0.3771369474320718,0.44696071426323014,0.3059879162351491,0
0.1259044086820051,0.46992562282603423,0.3696091101584865,0.5390508866896112,0
0.8677085099206241,0.6549852830686642,0.20343969735361017,0.6682770290965387,0
0.6874714970666872,0.10839845784438397,0.5562283941656512,0.9247784900788596,0
0.9969731533665148,0.7445356068008742,0.36515745671157385,0.39362852623703215,0
0.7637511232987735,0.8188427724891171,0.48583181888779026,0.8568178393626165,0
0.41342992032097037,0.5065909108635063,0.9363052482686685,0.8759826762923699,0
0.8669633502866861,0.6414506381316981,0.19989828891218336,0.22343363933746885,0
0.19160422535836336,0.9929422133409814,0.6469769100274503,0.5960439657247348,0
0.8646826516096703,0.2630344145812123,0.7664285187581672,0.3308167549150894,1
0.7047034692388555,0.8859906242747269,0.8695271814579416,0.7583377237328043,1
0.35366929729606,0.6336557662914347,0.8185423064665173,0.729053945638647,0
0.4069597159452327,0.9666928034730952,0.3747796090270582,0.19938867706999241,0
0.1640697836142061,0.3225079669628593,0.7056699601549892,0.8334457556864853,0
0.13017919126220145,0.23504379822458585,0.220847365812048,0.5435376260795421,0
0.5429046637715844,0.6463846324799026,0.42203267570219405,0.767477306652438,0
0.8255811518137552,0.6020050756330224,0.8584407119444994,0.8163337484291522,0
0.596716154897037,0.8372699734841111,0.8274116890083,0.6226291760988565,1
0.18208549274382135,0.1374155731453529,0.7805922525551592,0.786072362050864,0
0.9198344660444582,0.6221551323045991,0.8685657702598799,0.976044357248339,1
0.22319706706192655,0.49617909815994155,0.5624690177860909,0.6955468143795609,0
0.8725714766587106,0.4877987712956253,0.23901377250099143,0.8428740977115533,0
0.13665592208707314,0.6852931177122432,0.44545499474048156,0.7749800186068637,0
0.18126079304896747,0.2446839064434774,0.5241584506583481,0.15055846961269512,0
0.382920382968694,0.8954072964670832,0.2421593405518132,0.923093797463703,1
0.5190382163192142,0.17907984923035003,0.9743794218109456,0.44904348092523816,0
0.507195564519424,0.6416934306726899,0.6961906105309613,0.8275651650043219,0
0.6451973374211984,0.9274527758929756,0.2941666112588087,0.14521870884068394,0
0.18499866468033555,0.8689465840326213,0.7232435440023027,0.3381715242328216,0
0.8491983767203796,0.949653405717952,0.9157937080099698,0.3760989395699271,1
0.6331731119758383,0.38719042591893005,0.33087705619982305,0.7043312338004862,0
0.816213402492491,0.5489993381062205,0.16383899452039608,0.8124023823322329,0
0.41428861715139487,0.8843831255371386,0.5023499894257829,0.5550707380797629,0
0.9486187335212672,0.7149328872936364,0.7474182601322427,0.2802538160808633,0
0.9183883618709039,0.6633022387933082,0.20329198468229573,0.4632409021254321,0
0.6318036488694176,0.3583343198574215,0.3925936138885291,0.46870394803839344,0
0.7790885866762141,0.7360994951969012,0.6732120857092689,0.6190321589719807,0
0.7044158760335196,0.5952038879406356,0.4667887279291878,0.5360841955720098,0
0.5782191684113333,0.9425910216193208,0.6148437790323708,0.9974641185126554,1
0.14651354905174693,0.12842753034307783,0.8223271116218316,0.490125009480071,0
0.8018879912718615,0.21707761611756876,0.44236049407336875,0.45345766894427464,0
0.23236613283613416,0.12127472744170276,0.981083003657328,0.2756498654967854,0
0.6503088118911831,0.712205001287518,0.3335876048584813,0.7649800094197294,0
0.9219164973008241,0.13565694281352145,0.6870018335909253,0.5820909394128208,0
0.34125727674058864,0.8889856856453805,0.10132643987768028,0.34479874480992045,0
0.43202227561279516,0.7210044017385991,0.9676705748410973,0.3369226118662101,0
0.6700607688850532,0.9890069681933986,0.6272783096081672,0.4661243208565512,0
0.9302494430595661,0.11089762771139872,0.2710968848053549,0.6111768675844724,0
0.4078735738443168,0.4382994566311924,0.5505432140392368,0.24796497617099086,0
0.21186750113699027,0.9853110327370722,0.8623547442855095,0.4985183228893637,1
0.5700189340493239,0.2801352198203291,0.1068976293843028,0.15990825512280057,0
0.20212616911653017,0.4076849494348175,0.2913799387339865,0.36026870166635483,0
0.4428017709679194,0.9409924241249629,0.2209916164673097,0.5221964899428209,0
0.9875896700316426,0.8770002846146427,0.46682578771643524,0.7636834771936095,1
0.5444160367279517,0.25887522880495745,0.8135689771304554,0.705214448222526,0
0.5456592191001431,0.8116508483550672,0.6051005094542724,0.9736088908687697,1
0.9255822179160185,0.9609531589751121,0.24154588736174382,0.40096106108987384,1
0.13669762739928754,0.10574728454515023,0.7085598058678906,0.7879966552679539,0
0.6606014282371002,0.672787224589273,0.19722317871762224,0.4379220356198503,0
0.6250318885874436,0.6920607741427324,0.6124396250640545,0.639371904525494,0
0.1692819188459137,0.23850631570586955,0.9851693254436998,0.6519625163986411,0
0.24509915852860398,0.3019965146529946,0.28181410156224096,0.3178198719827895,0
0.1585464336867516,0.30700795355893273,0.5175392380195026,0.7758458185269864,0
0.30796731692926427,0.7199967718450816,0.39840822916047436,0.5521845584497388,0
0.6649372477642761,0.11090869717950395,0.33391448131854956,0.38249026886352455,0
0.2693090437513852,0.1658763313915993,0.4478864561407251,0.89462333486685,0
0.20597597460112704,0.5484301140371083,0.9569996071278352,0.25384276217876345,0
0.7213553457664288,0.5860107231440596,0.15642065945967928,0.9729338728106718,0
0.4417231673505402,0.23399924529920021,0.37354826102952465,0.39269007664859024,0
0.8989337644824698,0.9566306068809151,0.9603269460597873,0.6621526433030784,1
0.3324199494690625,0.592027671442663,0.6830357013914755,0.5433121636779679,0
0.26329189158081756,0.7848916840252844,0.10001047127982954,0.9235546592655002,0
0.5036009697804879,0.9429451230654653,0.9676156664059321,0.6095626221025637,1
0.21482227251600738,0.9432620407279565,0.47485398871349105,0.28400353521784577,0
0.3063262557093773,0.719321235477888,0.13950994837870462,0.8388829155692268,0
0.2602323701827763,0.495464490725007,0.9265837889308678,0.5280365726398075,0
0.31816875917357224,0.23173659294602422,0.5176856435081535,0.31098304001036325,0
0.6939856414307611,0.943505638512806,0.9444743366036344,0.5819984333917053,1
0.9502891568941852,0.2096974840032528,0.8507301373006082,0.2167110804018118,1
0.3436702058291984,0.29216022967960475,0.9518108618353649,0.26360098049562575,0
0.7227056779234239,0.506248321896708,0.8244160991572947,0.7062808757274169,0
0.5265654762365851,0.6205482253057681,0.797811535362822,0.6802707237191368,0
0.36210622617823773,0.13055138072721897,0.6974107175580302,0.8053838582356965,0
0.9662025654479001,0.8422128693326343,0.8371571624754904,0.4340016445871151,1
0.14664118314018423,0.4892480904971188,0.9784124409512922,0.710649971463374,0
0.7008019646689244,0.3467445999038253,0.3442684424020429,0.30684405321785657,0
0.4591024334831173,0.7923008330543202,0.1108928050984967,0.8411970039506371,0
0.10975388633226853,0.8251031376550478,0.2961032988294911,0.9978654676619408,1
0.2650640588680905,0.9327234856740992,0.4699860423406359,0.4006449691018923,0
0.9726261649881027,0.8872315054157794,0.5124705773757908,0.28479964483611986,1
0.9059709056465804,0.5271677881748326,0.6452013245074213,0.8259985477241348,0
0.991454627800606,0.3124454170118176,0.43709759831810924,0.3907246111786845,0
0.14069680309557048,0.2762001871151915,0.6639332599838892,0.8672926791213734,0
0.9296868115208051,0.41564063390653916,0.7021201035961975,0.9716835985299029,1
0.13234804641706788,0.5659404790462403,0.3491328770121752,0.16812975457880874,0
0.9586459245328501,0.7381416355501894,0.6926864641030493,0.2894562456988087,0
0.2606901958489003,0.515401726977811,0.9467060684527971,0.9408737027507412,1
0.38522980464064993,0.2126672129822954,0.84635811938508,0.20548351511221008,0
0.14226937009754956,0.47912324796466477,0.8755218134086107,0.47766464452612933,0
0.568276930813414,0.13907127956933726,0.4663958402130649,0.3721775601506828,0
0.8550082778013407,0.7879353959995623,0.6765536651939986,0.5121360949906252,0
0.8438117194969674,0.7627618135590765,0.3800957455570543,0.39397532448331984,0
0.9685242195998613,0.7255317059726979,0.9767749994347213,0.17104546265190002,1
0.1751506450288019,0.7149232254606812,0.408203180951242,0.14801319729000795,0
0.20693612464126473,0.6929969232093914,0.4616009205888918,0.683775061091934,0
0.5789021367387841,0.8159049647107562,0.2502577798724789,0.41609744861390285,0
0.37079047883509275,0.6091587675962119,0.3829151018653736,0.5844987489301421,0
0.5248602505989993,0.514485547546726,0.13503696699310072,0.5955970414967664,0
0.12188436978830847,0.5258889160224015,0.266797161575843,0.9638765224421098,0
0.6186595241501318,0.4179262676518578,0.9493314335381987,0.8368662065356457,0
0.6083570199363548,0.8577986976010554,0.13241693646228375,0.46288698051992705,0
0.8102541147466045,0.8038252789033473,0.48945622241773423,0.6372196214919905,0
0.8475574670089562,0.15200250489672998,0.6818128674741374,0.40597467741392335,0
0.7670085843610531,0.190941229909582,0.5121961831032144,0.2671597648046671,0
0.5680612190600297,0.12196070340088422,0.7370515875067918,0.41187175115744645,0
0.7929941977887498,0.25073432403316276,0.297161928191672,0.683486206706886,0
0.23728513862283523,0.7637575235131062,0.9171089144016574,0.9444841557861845,1
0.24965503188047147,0.6725596282374094,0.3466644304079719,0.14556022504216673,0
0.5628109945722505,0.8600944586815633,0.983167381447522,0.6775609575687024,1
0.6129007163841849,0.39220833420105394,0.9621407089510934,0.36994786279932035,0
0.18215800910752022,0.8814441524619328,0.5086014590765034,0.13631574417372974,0
0.6962700559185838,0.6542768693640741,0.7505328728876354,0.7340989852247007,0
0.9455490474077702,0.9451609286616065,0.2491970861469482,0.3416803804608466,1
0.594575994091362,0.9686068267924409,0.9100748647148327,0.657573580032673,1
0.4606867547877934,0.9862027655720573,0.4929527707918895,0.1952868863918164,0
0.5801149827786893,0.5390686395337262,0.9011270236564132,0.4078968587772347,0
0.1676240035622279,0.5346719848768197,0.8354153278140266,0.30347116390950646,0
0.19281148195233935,0.2503377171108549,0.40654374992316256,0.16053032257063107,0
0.5989186472602607,0.2639061241198294,0.8390784542952039,0.8227018647620534,0
0.7577807276832799,0.31526209379433306,0.12123546818097622,0.3349436736113633,0
0.9699893371393026,0.12927356154212674,0.8482361629471389,0.47076228553069177,1
0.35658565182446245,0.8357047376420724,0.38406460938701503,0.5041348911371133,0
0.640465174390288,0.17974038671165551,0.844755687885899,0.12133697828006655,0
0.3271932499096187,0.5053338426323667,0.44888392491008233,0.6645960415816102,0
0.11773948397892775,0.6726622185813232,0.2863682282897697,0.9623062080274903,0
0.5530755437693712,0.31034087371938973,0.7362788387101445,0.9344114036780043,0
0.5330260916693358,0.5945765823055152,0.7956293336885035,0.3389467666861651,0
0.8356992055645968,0.9622661321074422,0.9757703466750995,0.5626858982961338,1
0.3195906790411752,0.6746733528976769,0.5218911689180553,0.901769981484832,0
0.6360748665470598,0.15521466439960135,0.566164474941321,0.74444497591793,0
0.4203754107861355,0.5998271958438681,0.3318464983003497,0.6584264065467735,0
0.39780822236738433,0.4758226982064355,0.5175382391310995,0.28236937072180884,0
0.8849115180497363,0.1763128144412229,0.6342048418409073,0.6928458748543199,0
0.678177350385684,0.8860809142734944,0.20850257476332124,0.1692745024427867,0
0.4014150531913775,0.3170813118395873,0.41067298764478943,0.7219502314653355,0
0.11492904603507054,0.9830675602246811,0.16267703334616518,0.33421293818670644,0
0.3320989168898821,0.1583682350346715,0.4538756809251301,0.20834882091018012,0
0.5646703134710758,0.742678238919185,0.17838349011619437,0.4352799463835958,0
0.5884264748424236,0.7638240714300023,0.8076503794456298,0.3406618250717872,0
0.355398315218852,0.5984220166411387,0.839961898134781,0.4063704005028337,0
0.5854080177240857,0.21656342915452376,0.8941747315666049,0.2929658346938481,0
0.9354867063289528,0.6635982894682738,0.5693011201392305,0.25452451693490463,0
0.3138737895931597,0.8846591749707088,0.5053158810148713,0.8422689136123068,0
0.30899142563213555,0.47453859836178536,0.660172277409397,0.10619016599768438,0
0.4693571442906954,0.8110273926763553,0.9011935023725569,0.6474875500069945,1
0.21473979609878419,0.9028762200462109,0.8262689417955943,0.409561917901917,1
0.731770189531933,0.22824598861136192,0.6706936282386982,0.40026555625317906,0
0.8288870012691714,0.29443436425863967,0.3390245496627455,0.34971821175245865,0
0.4111005549914769,0.19369868444574972,0.568152903079676,0.6213830199957441,0
0.4155288029259373,0.8403528866623106,0.46258595436937344,0.5125882817182942,0
0.9010048076358097,0.6563401608863072,0.3289524227576623,0.5061647017263294,0
0.3650191835877259,0.8975762024185671,0.7677066942628435,0.7555337689056814,1
0.35714087765367464,0.9794567657991856,0.4556239689378868,0.5096547925602908,0
0.8458637582367364,0.7914460724780664,0.8257632555095555,0.6391401284353434,0
0.4904664843141757,0.7544521627896772,0.41929416265238584,0.24082904440324054,0
0.7727238443203809,0.5822449160257731,0.7183173398529185,0.8836021307129659,0
0.7098079256580542,0.655234226538168,0.7176944770174877,0.6896563430719043,0
0.9555464322438005,0.34277465036529065,0.537030729693458,0.12018330024584961,0
0.8124211393532637,0.38454049447907546,0.24402244281687466,0.7879180477927846,0
0.14180537144799796,0.8460239267356096,0.688757141326667,0.6690539382738758,0
0.5884519990128366,0.9115857929218811,0.8592846976466414,0.39411523527199965,1
0.5968424627667822,0.5037495678590883,0.3018641349565406,0.9691724888377727,0
0.7162580552984913,0.44217605690727135,0.2804270639755625,0.9076292792118387,0
0.8761273378720706,0.2950658200816981,0.3034260980343998,0.9005673799393868,1
0.41225788170660493,0.9716398998349454,0.18585934958188957,0.5339188890278577,0
0.4334248925122438,0.6060671342901188,0.49043567761887663,0.29638678109695504,0
0.42354203609777963,0.6400184933073734,0.3136901215373257,0.6655838109531284,0
0.27306011692780374,0.17709242463678748,0.355846683634765,0.4349559297222074,0
0.7842050739007179,0.2368223678157833,0.7958276865268044,0.10925604634212283,0
0.2349256846138964,0.38386620617321143,0.4895344019885224,0.938399422878533,0
0.8330216343300422,0.42331003245978915,0.501777564761424,0.17954645228606686,0
0.7147060960747211,0.5430500708032313,0.48693796965113334,0.6957720503144817,0
0.4248765072460241,0.7762375774261411,0.2185435257211842,0.5432818426428604,0
0.748032882891467,0.32920355984144606,0.5009874748677018,0.6913274484106966,0
0.4937274298213562,0.18598178245120137,0.3529040490178422,0.700491103474763,0
0.4223464462295564,0.5351910820479323,0.5388650287004898,0.2394327800290984,0
0.512427601442365,0.6606699252071345,0.3655366368887406,0.7231230302149523,0
0.5943039982355084,0.3223929106091318,0.9168499023008995,0.5935772466942064,0
0.2814645880429701,0.8325732425554169,0.32194327148022217,0.24651189028560644,0
0.18949725348341065,0.7538155436017043,0.8297907229071266,0.6668385889912369,0
0.9322242564507065,0.6693597038205533,0.1298704191061836,0.37882618779022215,0
0.6495580381974694,0.16135507844694422,0.5671290521165938,0.12709348499018705,0
0.9425392967447028,0.28047225403030307,0.5657017165795372,0.7228662823219321,0
0.6563154164121062,0.9666341877138218,0.17974424257271115,0.878193029672326,0
0.2268318024772864,0.3148994311914721,0.281227403922377,0.11359961579302753,0
0.3418096234464515,0.6293820402535515,0.8260241677252653,0.6431759258510088,0
0.77496442335926,0.8343522450717555,0.3163590216041562,0.2047226366480463,0
0.4973774512360394,0.10444598284096866,0.20452506418047306,0.6070558156413761,0
0.5707588822922074,0.48347504550133436,0.9620108208893835,0.5513661643151497,0
0.8157405806739012,0.9970271684676791,0.30541182714432924,0.18312447530024067,0
0.1328947010632854,0.7795377358716504,0.29876750466670804,0.4191995844865746,0
0.6535065040292528,0.3420940639915879,0.7964916901571407,0.28388474505907324,0
0.9287851604786319,0.7025382596783711,0.19170314925941218,0.17831549647250988,0
0.8984914683186939,0.9920517635232788,0.839892844540203,0.6246334511238368,1
0.24635524541040218,0.45894050280721044,0.19833778927865928,0.6603674802387922,0
0.6192134961637232,0.29179423362257495,0.9126054956727885,0.32081708274959,0
0.16242517078764893,0.3137889924314899,0.7562561387945032,0.725176863004355,0
0.4537879522000844,0.346793682113803,0.6385217358679829,0.41884419449549415,0
0.7431363304300561,0.2435902121018695,0.7426293800201708,0.15981699319864492,0
0.8156675752918333,0.4055051732885254,0.20245455412894126,0.4326167794840958,0
0.30577852495311647,0.6105809976660131,0.861329295709959,0.2322297312253937,0
0.4828927947547751,0.5523094688170982,0.6356185074151134,0.5722620738952889,0
0.8544958342400241,0.5372845832676931,0.8239934869115545,0.25074198018469696,1
0.27161894859729996,0.3270169181560254,0.5553621169614386,0.1691227434829794,0
0.939455635018612,0.9599713263594413,0.50348714983248,0.9778088201311634,1
0.6036762981773961,0.943649259847407,0.6220799512025091,0.41940791513789866,0
0.4532005966803718,0.5048061839391903,0.9921951114077985,0.6957222693733104,0
0.3018423785145038,0.8153285938749364,0.9665293213666234,0.7245546314591411,1
0.7938209833712397,0.8223789788161394,0.3114760644963575,0.8250839248270078,0
0.31436450294205387,0.3220109780694607,0.4684708646353165,0.6718729211757188,0
0.8097374901020776,0.5931635400763237,0.1559829035482325,0.8478542539495615,0
0.4041956411663823,0.7322184734896936,0.4256677838846249,0.2650979767630911,0
0.5704595464437947,0.2984375881631578,0.6198340292930418,0.9793062589950491,0
0.44482467542454773,0.9398019982092018,0.7251358845279569,0.8815685715522407,0
0.12828626711806082,0.15205840890705674,0.9235810615663389,0.1833629347462305,0
0.6011211362125152,0.48727530540951647,0.61459511684349,0.2285577683328987,0
0.2286925138475523,0.5092658700704732,0.6426485888315154,0.6228553418993614,0
0.6130550530804285,0.1577880433676207,0.38525192901200733,0.4526734358692234,0
0.7695516633154093,0.5394170233196004,0.5029060828693765,0.3591508084083932,0
0.4368437161805083,0.7053419064026136,0.785711631344383,0.2904723087128751,0
0.7771370764939121,0.9404875157751145,0.44918808395218257,0.11294330146487652,0
0.3135241787471201,0.29869265150988433,0.37427598584752,0.20579617013519796,0
0.7734337213452925,0.7575854592153215,0.38201312582662883,0.2576108261173179,0
0.14633087612499043,0.8655235561848177,0.5447912025252699,0.8086483240770995,0
0.7627998120622506,0.7971881780630636,0.9795771171923533,0.9727512695181794,1
0.5147008912294532,0.5671538118174434,0.5600162253135068,0.2645540018819354,0
0.7718422646062217,0.7124493718672418,0.353369078573437,0.10179292169716325,0
0.4792820955332482,0.771160404458109,0.5702591629770296,0.8597910927575287,0
0.7471413146658209,0.2660286278202754,0.7543510854538511,0.3757895404330345,0
0.4111263941535275,0.6734813291274524,0.8138285865970655,0.8438959667723178,0
0.24041677639819287,0.8259050330753047,0.3447547535157679,0.6145713848293738,0
0.6862783495166778,0.8064072794003208,0.36690392098533764,0.17571489603344456,0
0.5054897217790841,0.26329451292606426,0.7780851300312722,0.7065947873311573,0
0.8894804867317975,0.8979437937164201,0.8066705888335676,0.5238642271912601,1
0.44806181167048365,0.19628257494426257,0.6785937190528368,0.8935215506591573,0
0.17822825927868133,0.13254434247228591,0.2879944516046474,0.7925040046738424,0
0.41398143988869573,0.15234741595492823,0.10121826314392135,0.9910979614781792,0
0.12806482155515622,0.36885301622989575,0.4459195346717214,0.3443428022884402,0
0.3958764492587574,0.5470901729732525,0.5044147678356778,0.873815207330481,0
0.8362132893302437,0.17828808392026912,0.6712041459285473,0.7055845017382718,0
0.9176055052002655,0.9056059666358828,0.31777941728534087,0.19400906629013626,1
0.6690378591275773,0.30215405065946677,0.43455165976210897,0.7154798066518089,0
0.2550878840814669,0.17147743209008795,0.5470258805361519,0.5973960409990734,0
0.6486079005819072,0.8176834194462352,0.5133386774558926,0.9058114802378523,1
0.15067294811365362,0.29410763715794547,0.5400080486132063,0.7274222253026283,0
0.9553703356689028,0.4497022911433112,0.6298583699181879,0.12856938883568977,0
0.34421412859650635,0.9856751222793656,0.5612523838932986,0.1828602874742279,0
0.5669115595690295,0.8660862226438918,0.17146592617872658,0.7685933443011451,0
0.2569297861044923,0.58598684174427,0.853337012718646,0.2670820344111187,0
0.5057554342637189,0.25669840180067593,0.529210095821173,0.14531457427241792,0
0.6697913115459412,0.6588239659907293,0.6043965678823959,0.39406828782703673,0
0.6520736763422109,0.8316871648444841,0.1562118342571643,0.40175114507046616,0
0.3926649898240724,0.5206613601248827,0.5480312572308612,0.7121006969022754,0
0.5158052232797194,0.15998683650462098,0.956286829325649,0.2068381859582003,0
0.13319825261907953,0.8907669877196421,0.8394732079394245,0.43160402792492103,1
0.46805764997284294,0.5737623948425019,0.34725837296756756,0.5355904313617724,0
0.29166774535801965,0.31318350307703385,0.7363778295400283,0.8401430900668189,0
0.6582785962181182,0.9100208110582101,0.550561841263376,0.5136256514922608,0
0.72455360002039,0.1345837140660925,0.14498112579371086,0.45956690612824136,0
0.12094474216224328,0.5633356185367212,0.810086643928714,0.2689501651230269,0
0.4693446307320668,0.4566178170123929,0.8714613312988777,0.751103036065001,0
0.2447272462757488,0.99741205014194,0.9196931454795237,0.6494920795138821,1
0.28448586587423885,0.7597641664267073,0.8882947751653513,0.8420243658440941,0
0.1913243885794289,0.7149658389458546,0.35203359659544053,0.872887851414525,0
0.6609683141448022,0.18046990208103358,0.15868413213444285,0.8946944423467957,0
0.16664018656068133,0.7116825544237628,0.5061154097628893,0.19531522396338186,0
0.3887020584745623,0.8489207601619677,0.6707279244661631,0.9343995659725846,1
0.41171139492936515,0.13775610108847264,0.7559752980429522,0.5200238087959675,0
0.48875051677790415,0.9239394678292376,0.11964105709794055,0.16151788027896277,0
0.770895526765897,0.4241227667243672,0.14711951816872518,0.2536375269812322,0
0.656396256984635,0.5399619222312282,0.9856118468894178,0.7810571503617112,0
0.8701268212956572,0.4613448842751594,0.7242562517264157,0.5781646165158387,0
0.157037473425491,0.4955605197696191,0.7931423905813864,0.952445316610223,1
0.12022237748810566,0.18369157584081897,0.911746177074235,0.12319263888791604,0
0.5433562845935827,0.6350287016675558,0.5527755557018528,0.4252634011604677,0
0.6690752475342215,0.21598288072610067,0.658835710730588,0.11972199589750807,0
0.840283518630852,0.5802422920541906,0.49523483497037346,0.5185085657737849,0
0.11806407799995373,0.5859614172525036,0.3682469877754988,0.3143319882991267,0
0.12284772009431039,0.7595213902896255,0.8023289527061935,0.13772369504463178,0
0.24079333840397746,0.17346698382753062,0.47964536068494823,0.8240451781886401,0
0.23757322526589883,0.8662824619705861,0.36577132981464955,0.49436075192351003,0
0.14928547493982822,0.6621972119688374,0.10813462217136297,0.8386265446901013,0
0.8066583652537123,0.5267927949917174,0.334142011865846,0.4365289423115323,0
0.12438639325313515,0.36779360618693857,0.6320172729326649,0.6013364619475317,0
0.357887126915456,0.12988279791222992,0.5338369523008742,0.9115966256916058,0
0.7420146272960972,0.7805469960057214,0.6694406908737408,0.775239187544958,0
0.8184656610700977,0.31784051427627474,0.7692345245589038,0.8589935510090948,0
0.42417157727013666,0.7205184722235392,0.5649153656013812,0.587584867840807,0
0.45028151086074686,0.8597534040722774,0.428134355377786,0.8722209439065063,0
0.3176670618104065,0.7373548797807534,0.6984864131283958,0.810363563487717,0
0.691851603070309,0.9557772060253693,0.7333173797147162,0.5634400149219335,0
0.6985330070916299,0.29855075744009013,0.727488443718673,0.8514524851249633,0
0.35198118429425573,0.5383557269370424,0.47227840742677174,0.44859026617778264,0
0.9096171159471116,0.5332097364717913,0.8031896701725746,0.29120254947592566,1
0.1409017423073121,0.4565554224483299,0.5350666923758319,0.41943219478930904,0
0.547523655303147,0.7102145373031572,0.7392185187609803,0.6260040187816834,0
0.2304053848821008,0.7277243155023553,0.7408126182977027,0.7349147472551376,0
0.34231890785444286,0.9932351519425376,0.9556954369582042,0.36231482214441446,1
0.5874707931947802,0.5328756008975114,0.9863725624862283,0.6935553834861944,0
0.9650715074415228,0.7442424682138797,0.21070296561137108,0.39206062015780785,0
0.5910551103843414,0.6684041980832685,0.5374004444178427,0.3376557862243469,0
0.5524111209059753,0.6926066511925829,0.4220184387928976,0.6998167427741522,0
0.26364247048639056,0.7350176552641197,0.5791786140476954,0.6591632041446491,0
0.7820614994179322,0.7472816004450374,0.15357223031299452,0.7680278684791785,0
0.17572596849554395,0.12212822481292136,0.1996485339936841,0.552819225296386,0
0.48439700976363065,0.5957716335482254,0.7011279989232644,0.6460585522456928,0
0.3360376398698426,0.9466113206038065,0.12267407256330642,0.9138189622668086,1
0.16036882964958474,0.35731611031524413,0.6909679663370885,0.4759002962352953,0
0.6281570062187912,0.33680131291975857,0.432831930388459,0.8447977470466422,0
0.8403405045936925,0.6107867634354023,0.2862933205945841,0.4504644450809878,0
0.645557171005792,0.19618923078526945,0.7895043395160276,0.8281212762625088,0
0.4067231862277161,0.40330285878815764,0.9010873316654275,0.9108648061214211,1
0.5432659244369775,0.12802067459606023,0.8670374869520633,0.1519589433026055,0
0.26791032164617523,0.2047297580969285,0.7647377123190976,0.12247449590534465,0
0.7757839610123476,0.655430487943627,0.6812401476578358,0.3241078624981809,0
0.24461323593360013,0.9375356931795247,0.6864757844295489,0.24461162624066068,0
0.680925066316451,0.9713740851232495,0.17107224597174575,0.6546704373331517,0
0.22097320924507682,0.5555276765562197,0.1152528984006229,0.8632983115140671,0
0.8699145256099065,0.2795882058362306,0.5106128580599878,0.9174056398302907,1
0.704530615965271,0.3309065053312274,0.6522437028137126,0.4083806318702694,0
0.4770329045540931,0.6908307465983524,0.9275779221904448,0.3729573017643546,0
0.1879049026057455,0.7522900943758853,0.23612214586144112,0.9823318668479666,0
0.4575585615043306,0.9598012178535354,0.5136983833623952,0.7597000965003609,0
0.3642326598380441,0.3624963208383729,0.5611273997912116,0.719768466377088,0
0.1837924910253093,0.16061554132189454,0.3342581718094027,0.3770162485126711,0
0.3161310569003738,0.22279577730105982,0.6623054765104622,0.39540979511050545,0
0.23650739175947608,0.5089396011039649,0.23257273985107332,0.2079019841254409,0
0.6660485621018956,0.9724710901017588,0.9249717122570866,0.12803418351405196,1
0.4278428749432679,0.8203208570401254,0.34855260203880956,0.3571368108948013,0
0.4051268119438306,0.14116783043126158,0.19989052229213297,0.41898245391374944,0
0.10625691747807164,0.43541966531108256,0.8937349824741796,0.9563416391591085,1
0.6381099809299766,0.9981406994800037,0.8649778343325958,0.6910804571271013,1
0.8471978781102925,0.8200638718292436,0.7940105342666979,0.709694264105465,1
0.17635394267667273,0.9729208414965433,0.5983403368222101,0.4077147502949413,0
0.730872218313208,0.12697623088541016,0.4505337054121783,0.45030742452260963,0
0.9881982429404655,0.3585150924886735,0.3971935583843478,0.7084236592472928,0
0.43715135316382414,0.9888846073624521,0.6342947120876846,0.382444127401974,0
0.22061370560557667,0.6498828899658925,0.5703189394030707,0.3462763760746945,0
0.9045033247458619,0.19876257880975318,0.7369492152407747,0.48696185780183954,0
0.8273083416079753,0.5832769806040722,0.9045907390070834,0.18225233769859878,0
0.2545113572634732,0.708821143503726,0.7383887456253486,0.37649477531914377,0
0.3156057016002752,0.8533119955273049,0.25638543382216944,0.3235452478688868,0
0.9841407552177458,0.3742112251882367,0.3586686368190217,0.3529447751502003,0
0.8198697303525837,0.4199437093972217,0.26345257098094244,0.3393356055689069,0
0.7755532764767725,0.9728389405706902,0.7350272763794421,0.1350813885950174,0
0.5669542514134649,0.9710740313605274,0.7944642198807469,0.6198685789099804,1
0.46313457959115734,0.290840355917404,0.9596036865625313,0.6615986369760841,0
0.24053733762957133,0.5880134849426635,0.5287021599709889,0.4772645883119092,0
0.32081419871318884,0.8558220570720555,0.40204940884285845,0.12578718481988907,0
0.6701767396848052,0.4016069688332278,0.417137451948689,0.37094147005088174,0
0.9339288626453449,0.6777743503989394,0.6431437864390408,0.5404532836659298,0
0.2520415567649481,0.27268059224686864,0.666601927202563,0.22710118903583454,0
0.4713559092202838,0.1661470725970114,0.25017418152887755,0.9081272682618993,0
0.9168098265334838,0.9954170403817918,0.8139352153944289,0.3328404779398969,1
0.5164118071026458,0.8447841060101868,0.4291126734352342,0.9139237974944715,1
0.25939961146634405,0.266972964132809,0.3155591529185843,0.6011905988548863,0
0.39011846047725074,0.6767436832211856,0.20818650620851864,0.7651602783454353,0
0.827557613304815,0.7266598982903257,0.4145557348781369,0.34868719761926825,0
0.7365147708820587,0.9608512584695321,0.813335604659545,0.3667218521619595,1
0.7263767854843282,0.6792199256768725,0.21834020790818348,0.6955158595598708,0
0.9431467653922821,0.8485273393081961,0.2467318032384319,0.589778796253332,1
0.7950202923669917,0.36667730841039115,0.7810763551197715,0.7359668828908386,0
0.6680247633975366,0.4684006056835387,0.36992720035628623,0.3001251742733533,0
0.905344615384884,0.8189049121962988,0.9511283323002541,0.35871549840752515,1
0.6715842857808794,0.41134149329226666,0.7108029610053083,0.34384842848472885,0
0.7593148874892253,0.3457637289755312,0.8075850870349521,0.34771526293330746,0
0.7322356755883983,0.5319449512454112,0.7323703957769647,0.6046104654450549,0
0.4706568227325417,0.5138203813923882,0.43456536541569724,0.6604205868548177,0
0.8349394955244194,0.2751602606386886,0.5900340995202367,0.7760594232586385,0
0.5069961468008265,0.36353983303086823,0.12625278728073802,0.2991148268014576,0
0.6347176438169216,0.15424065126060477,0.7232791883833972,0.3064291993339051,0
0.20520823663752769,0.5817791183073325,0.449349135514296,0.9060065633186548,0
0.7017788979319879,0.8402325072709248,0.44118464380474254,0.31323999241598377,0
0.8618070625610663,0.8065148894533511,0.34723343354310277,0.9121717299574931,1
0.6321478921704363,0.3659002997296783,0.5490060980823478,0.42328787228442133,0
0.6376717919532775,0.4906174295564878,0.9396323763127049,0.3104315497837577,0
0.588380171236819,0.4155642380882627,0.39821230639274574,0.823183893516343,0
0.3629301836816964,0.9319565758388774,0.9431402158297827,0.7168994948997114,1
0.6618141963225929,0.22339873515609915,0.6723592364473556,0.8961281994066523,0
0.8467676233364815,0.7369128412668242,0.742981747664118,0.4537935168034609,0
0.7500402386700933,0.18926028962849434,0.39897192980404417,0.7771580940734091,0
0.5670259347545538,0.6783086795816724,0.7560829554902347,0.9338174181605663,1
0.11093902722083471,0.610314634888001,0.30497476249288863,0.11723038119715301,0
0.4008195017352647,0.2674912760616496,0.4938951953333831,0.8491271856948954,0
0.11639964308639476,0.2628792574385408,0.8610439266909161,0.6357729393347401,0
0.39279729768693794,0.6647549168965331,0.590888682466215,0.9562808987610094,0
0.28891503378602723,0.8752329967270924,0.2724336511613432,0.6515162519828593,0
0.24664098437328674,0.7527318943736229,0.8863287341197106,0.5563536820648465,0
0.20857228399054073,0.16248145847148404,0.1001212237040368,0.2968388202912249,0
0.33211254434044585,0.9780491807739234,0.8519322031679749,0.21293766711923562,1
0.6736869113483859,0.5871667017709634,0.3641399408873095,0.38904593737235815,0
0.2903032062968902,0.568862179544838,0.803641477010442,0.5212621488108611,0
0.4950742786350725,0.17210336174620763,0.556670744846028,0.7504639770149242,0
0.6542650882469948,0.48294400100326784,0.7017153820506227,0.744757400762289,0
0.39285972834334093,0.17414294105425843,0.8464551983729622,0.2487560411286617,0
0.27638457617723067,0.46173782224831794,0.4705889874260577,0.16928152035846966,0
0.6686534909528193,0.5780525752009288,0.554909606119405,0.8053644259677127,0
0.3805399684804699,0.3096635272782704,0.16090152571000144,0.480455773204539,0
0.40014925452202976,0.65351167123498,0.6709273199845184,0.8251430731013961,0
0.928757694355635,0.11885046492782153,0.2464297694277093,0.6525732756927094,0
0.8803650867220933,0.8018658900040149,0.538900361759138,0.7510992961194207,1
0.5891975750025897,0.3338318878705308,0.23226643862938873,0.47007773999429125,0
0.6231143992803511,0.2216496602393405,0.38067747212519487,0.7010811160307321,0
0.5162812445198331,0.2808403197931508,0.18036057207301565,0.1005880516851696,0
0.34493062350696646,0.6492026345298771,0.5974363681466908,0.7772215038278449,0
0.2454658426851524,0.11991119637609754,0.4802935854807502,0.2744767611432034,0
0.6941776390459581,0.8846052099329815,0.6471146926816334,0.7898635445793262,0
0.9364383902148272,0.21927220546766357,0.40361099209218343,0.7096538168999855,0
0.32917658928738747,0.6576291594080467,0.11579712702996603,0.3534544378950686,0
0.9659552936270878,0.9994723531936,0.6585944318421256,0.2614204092603169,1
0.9064821699311439,0.960086348406778,0.5546860962189745,0.3228037932518978,1
0.5731211640724173,0.6431388999368093,0.5900472631934786,0.30040847121077646,0
0.7502069037353548,0.43167370935138505,0.6338994130966459,0.31078303383370076,0
0.8316109082170698,0.38017692924040325,0.7091391689716561,0.35053163349639094,0
0.8391315742048115,0.4550286507130318,0.711658299461597,0.20492476710012705,0
0.43802465737594964,0.6036838151382227,0.5252440195058622,0.8694766176053269,0
0.2797064039425238,0.8758383858903821,0.7577388684826568,0.9500037244248731,1
0.9746038744488646,0.6331670061935658,0.8723593478414475,0.16161284740022025,1
0.10989624579263244,0.5655421507974484,0.19226436765982702,0.1149332325693381,0
0.19645481020579847,0.9344600375315074,0.7417414455708868,0.18439887363131485,0
0.6258828807307902,0.39212724691024325,0.5164080445588541,0.6248717238493878,0
0.6564292943772664,0.2577726481218937,0.43958624856687356,0.3247020574662072,0
0.4226191556898453,0.29642849907855773,0.9864906905267876,0.2393457513379479,0
0.8106563285150985,0.5565113278195533,0.12101688669536732,0.6613687763776082,0
0.38620312747467755,0.8759148555389056,0.9704139537332533,0.15627366616856117,1
0.5485309954655317,0.8305928092811238,0.4580529629519412,0.5132116209580129,0
0.5524483510832312,0.10992813798578249,0.2267226540034085,0.15004496951241458,0
0.29423892474715885,0.19411105630096023,0.13304922625073903,0.1666948803173804,0
0.15227525095137953,0.7230489080660673,0.504765858205486,0.9154783544331345,0
0.3805498610159934,0.8599213744656543,0.10705743169472515,0.7614332626554048,0
0.6460435417445703,0.36688202315888974,0.9641220439649025,0.9852104858622968,1
0.9367278871083158,0.30143585334036077,0.2658023553142235,0.742647451040314,0
0.3674095440608576,0.4260118974870596,0.605865514962314,0.1362322027083089,0
0.6506676052501416,0.7276782405221559,0.9670549907921954,0.35718249213343545,0
0.5267564461785927,0.16497856808125827,0.20892250043667376,0.6374397753912717,0
0.6846696091424932,0.6890600928530217,0.8854784556095151,0.7468656560681772,0
0.3538311153141759,0.7961258131179406,0.4340551810938649,0.3190570148966774,0
0.5026711301411092,0.31117787366990823,0.6997468722203858,0.5375174366934317,0
0.45688850408914317,0.7631863704497639,0.3893461311230938,0.8560972705952798,0
0.5793304892964273,0.9692399450378979,0.5691664428887251,0.6503172501030947,0
0.19369772378611647,0.7850093833388422,0.16404245665608952,0.29840140382087704,0
0.2884143910030393,0.1541281083407067,0.9026849303296612,0.2984538370920824,0
0.5865716094490959,0.14677415528632518,0.5614009533607748,0.6031533564519419,0
0.22607561371287163,0.37932576303121646,0.9032709609593614,0.4773444950494198,0
0.665110350541817,0.5796620078962018,0.322141482281712,0.43709341904162313,0
0.6867651335523405,0.24726143907250228,0.11620590004040905,0.2613279301653527,0
0.785359568545725,0.5640364257213253,0.8440366237673387,0.9916112413591892,1
0.10416882070414257,0.2092477763434658,0.3058091016432479,0.4263038169031851,0
0.23671242416106492,0.7458379890923587,0.7425573692559309,0.2767772942848157,0
0.13884392075551852,0.8906640051712131,0.9185091498435178,0.6487276826373544,1
0.2077859186373261,0.18021198890441498,0.14336741115396662,0.784518078209754,0
0.627198023146117,0.47954883418610994,0.1597994599201974,0.4445188879927491,0
0.5079599512732249,0.6905456539129643,0.35423086957932404,0.6506479180928992,0
0.8339152856093507,0.11608654126007244,0.8900470703368367,0.3439866283876592,0
0.9389064542352511,0.744691049256414,0.1657734058243135,0.579062688356309,0
0.3466496986184854,0.15269583631958128,0.3387935237999203,0.7815546804479506,0
0.9086987696743714,0.3912491972345872,0.13782220765426478,0.8729350940513392,0
0.29989702942365726,0.5462881615708938,0.11134676797818314,0.8406854245375908,0
0.1768127184943912,0.735828153838211,0.40497458440487644,0.8234330906741021,0
0.6806555113685049,0.6706051327896502,0.3044616013211634,0.1634427510788302,0
0.22534486539704854,0.9782863794190484,0.9257372588187912,0.3444698631469327,1
0.8817392153705143,0.4662171646505836,0.1355135796018094,0.7009845324428376,0
0.48849359160671146,0.1788784720874547,0.7908108656661265,0.1274173176780641,0
0.14077360879484008,0.43393488668614244,0.4257279917540785,0.2820287624720814,0
0.771440391338881,0.19593372727719166,0.6610653623434961,0.6723462941440398,0
0.20335314226528317,0.4307809800623783,0.9671493167988294,0.4105753709619103,0
0.7780403667330474,0.8543037606832992,0.2751614530343848,0.7435901451553301,0
0.2534717113185624,0.6366428906338477,0.6087972291144489,0.47650047769205217,0
0.43100481944732794,0.8432350755082864,0.6860328263935067,0.49952750905574006,0
0.2227343280280928,0.8024729637194756,0.1452034103175764,0.15128085429763147,0
0.3712400867477279,0.7602529425052619,0.30284314120608924,0.8356670625754984,0
0.6048441743818477,0.895785817013567,0.9529192233680237,0.5549578843508776,1
0.46076627508727597,0.6525402262840556,0.2772331340080856,0.5175835283501987,0
0.9445064111389341,0.22802443181847656,0.9087045442073554,0.4090480319598798,1
0.20220183297966612,0.8253932947976423,0.16988440120444456,0.17446315205637092,0
0.9148155777604574,0.9181292685990768,0.6027781568053828,0.3425606760630454,1
0.10496990541124217,0.1378838706727257,0.2843931467356413,0.38161665479228346,0
0.6767872703228931,0.9921303943319695,0.8235626567972683,0.2579424646432217,1
0.4465879557417327,0.533370116361295,0.9186641374929332,0.20385517796102565,0
0.30384619767814414,0.3338232229577438,0.8701635330152077,0.2444163528441038,0
0.5261245937025091,0.5163606610653847,0.16390689807992992,0.6209260790607465,0
0.4498095607205338,0.8863094027677049,0.15604579529369705,0.3675617112766003,0
0.35078181781295026,0.8805647808638222,0.8454243271934965,0.5089108807608896,1
0.43314283022989997,0.8603049053051989,0.9958937645721789,0.7267868263324965,1
0.1274502249451445,0.4572309485814364,0.6497020639681914,0.16027625082274438,0
0.9909642091509507,0.19509821583556952,0.8264399836283943,0.8963696059264039,1
0.5547271352030715,0.13300428424018867,0.4686660054057088,0.9990033508299615,0
0.22677131834181988,0.6241803923865218,0.2066523612383364,0.8412612496740761,0
0.8862207616960995,0.39970172175237817,0.3846431347563761,0.4306516558273634,0
0.9878637239136817,0.564111484926848,0.8921410641293366,0.5511480801631564,1
0.26310975954909416,0.209246445480186,0.8048785719687633,0.8511146112300649,0
0.2525434720174833,0.7170087585060743,0.8910810102540406,0.4034859180091769,0
0.9997459059575176,0.6493004049798266,0.8456223695042053,0.818463877488268,1
0.378574854657695,0.12307785922579212,0.6161760563100159,0.9975141099132424,0
0.8795585311974417,0.8642760864087874,0.799039501259663,0.11094109432964813,1
0.5568493408160096,0.45879672499508184,0.10893143901505208,0.7977196466514543,0
0.2934463407316811,0.5662708896149339,0.7609995388680323,0.7384949781705773,0
0.2636920759592304,0.2155548605087127,0.5972508706671003,0.6109545861379491,0
0.2389264437467821,0.9668036004302565,0.7965922403374863,0.9398845789833756,1
0.8756070589121656,0.21855589610910572,0.3542464593755671,0.6923438418678162,0
0.6317499345121097,0.17072064743951867,0.2764879414645537,0.28312546824783624,0
0.43597838465177763,0.8360067968712506,0.9046848722799257,0.45573338388804197,1
0.8767930832880342,0.8077105129739969,0.12445067910300384,0.7628817055013133,1
0.7925436398727432,0.6456276439758797,0.543578126002702,0.15954866995099642,0
0.20763482134447153,0.948458596721613,0.7980506658327947,0.5052288215286013,1
0.45746517665660935,0.28363207116600897,0.6891856181793591,0.485612113463916,0
0.9910484650938369,0.8178031905734693,0.6417310879136184,0.5570245575629013,1
0.9525550056506338,0.5665672197506837,0.995337364569356,0.9825114043546512,1
0.3437490261358668,0.833342602371861,0.4107008285215229,0.5178146677653025,0
0.47689347240286584,0.9985127602536547,0.9288950689869183,0.30832769238876834,1
0.7642302547837334,0.8070864562722088,0.8263638134800327,0.13545265032353748,1
0.14628323213582534,0.4866911314650416,0.11027618510866627,0.5948817064985847,0
0.8782501386295479,0.5852451490077291,0.9980387701137804,0.4957664378571177,1
0.6170258018619207,0.7229452075247187,0.4582047636590526,0.4352580383981193,0
0.9110422094418901,0.4298153813842581,0.9828886403464165,0.6335561624572992,1
0.7158097238609412,0.15882070671904813,0.3027852369561116,0.16075229201543975,0
0.33348109008816323,0.3942384547042712,0.3737788476726528,0.6157379805571142,0
0.9820293177569294,0.45181539631496326,0.8997931722388588,0.8544073789736205,1
0.20191424125667973,0.1885560847420576,0.7464980578348036,0.14748873207364238,0
0.19956856325968653,0.513502091565388,0.16861529617620802,0.5920261138649171,0
0.9870854086995406,0.6567502403936659,0.19057373067118,0.49829096333327105,0
0.23971622133764126,0.1388563622173105,0.565028546703641,0.47185526548694756,0
0.6457861536936309,0.5397788713641992,0.7659137086902373,0.7092467046971536,0
0.34918988333248335,0.6956552708644408,0.343353957746073,0.8606087663464312,0
0.7218439642922193,0.8018608556360293,0.3513484796089694,0.6977974464900715,0
0.2593094358490722,0.3039907620042892,0.77378071071358,0.26674331984499133,0
0.726985741489203,0.16413105498873276,0.983060053086065,0.2552714892517259,0
0.7854576537958459,0.8927836832790356,0.41314727042394994,0.15760571194775885,0
0.7273141668957411,0.45324420076601635,0.632527446075693,0.5268295188792582,0
0.658119338021383,0.43592661246640607,0.2829007819774786,0.6461622599861252,0
0.6986774986265801,0.5743373175204864,0.15206000450244456,0.5020430745326683,0
0.18430729104528323,0.4891013209383417,0.18688102317589672,0.17519890375962077,0
0.5513646652184797,0.1944371605763574,0.6405859598935203,0.8392495266106248,0
0.9365762298230432,0.9953796854527904,0.3698204748087123,0.38069149218735276,1
0.1745188011326138,0.2065025718310486,0.27571654266084283,0.6165548794621094,0
0.44749237402069686,0.21841091661453382,0.13936516507805263,0.672736853380037,0
0.17681470127077947,0.20935123867082628,0.8087941772729014,0.9740358166314572,1
0.13361336987429298,0.21944417863875432,0.35261489396437684,0.8896154078195548,0
0.8829067258559155,0.1739545007287846,0.6085767812074806,0.32757230642510005,0
0.8199244768358704,0.2440644714591157,0.1621068333515347,0.8975635949164106,0
0.43738352157133364,0.14339083497450045,0.28118089704018995,0.734625231013507,0
0.7252268237689841,0.24301735090241822,0.8200031335873132,0.2900133483022337,0
0.6971836348150395,0.4888691946497764,0.7788384760123204,0.1293931547060463,0
0.9879756206510579,0.18451064421047655,0.5875343311690037,0.5749097195995255,0
0.9874009574405838,0.723363357003548,0.33340140758538506,0.823972653709726,0
0.7976195410250031,0.5760434206244908,0.5362266584170423,0.534735727803001,0
0.16827699529779755,0.7256300986428345,0.16459822560386173,0.5085909200797292,0
0.2578341507611046,0.6384027646573649,0.7428939721614978,0.9772215364436964,0
0.5217945777947136,0.7088620471995218,0.6636108892789574,0.7217955788957405,0
0.9158248998680922,0.7842608408099215,0.8300113929401238,0.46216563336938055,1
0.9157189465852624,0.6135487719749467,0.41254933512745684,0.4358103565801452,0
0.24729034857913407,0.6536974944079098,0.5356693627391814,0.6356915507141873,0
0.2596955894017505,0.21778629464651483,0.6409667501202096,0.6016034526157072,0
0.3021443406459838,0.9819732964229656,0.5328011319427081,0.44289214630155993,0
0.5405074842498068,0.7121266945842704,0.8433803914372736,0.4848412003330036,0
0.7553947137506736,0.12632255473110324,0.7739437032669758,0.36314479937097377,0
0.48179980832227864,0.8820144860308464,0.6019379436250395,0.7097784524953162,0
0.9669002854965502,0.8041469356524461,0.5887221255618968,0.25275558571923085,1
0.6795995889151142,0.5552674236566462,0.9033024047378271,0.24113143478512514,0
0.17061074320803937,0.9053349904544749,0.8868002722166582,0.6910565362494472,1
0.136781754639831,0.9047717871977065,0.22044552669972384,0.6955005336662702,0
0.7950865525620754,0.6698362380346201,0.15940885972621743,0.6070675280354687,0
0.766691755978784,0.165202199015103,0.6681767977827898,0.16214131568313978,0
0.5720602506132292,0.825332860105859,0.2792937474046478,0.20043369996152272,0
0.9278700547714844,0.5772719199242425,0.8632378806413356,0.17621950768777617,1
0.8231328373463637,0.39267105780222544,0.6239788719347025,0.8912671953411229,0
0.10827734645496669,0.7933666760270138,0.9262688969792355,0.8541175373666232,0
0.43863362697782415,0.950152797526621,0.1518828239791224,0.6338423971355214,0
0.9971868266613526,0.27772344087394363,0.32590124493607026,0.6059699299580726,0
0.4267740667587716,0.3749718795922212,0.8653132010079059,0.5595226817136039,0
0.6842892719044572,0.6861096793373429,0.8922832859340343,0.2405859118179598,0
0.42010544481845424,0.6289924247759784,0.7310528754312338,0.8086347623343456,0
0.15984664063009976,0.372947632810836,0.8023385112138823,0.9419360621747461,1
0.7987716646677971,0.5677965537004159,0.22833472967371787,0.392761556525573,0
0.1756961255034977,0.22568612928068163,0.9650219368668337,0.7366573000296349,0
0.9148437787773372,0.6268189279570769,0.9892323695400327,0.3173468367311811,1
0.3528410587186427,0.4792213020493632,0.1467609197988416,0.6836543381068193,0
0.8219772826786357,0.1994267018182552,0.33275875139923494,0.9685138325090247,0
0.2762120213103668,0.2617147979832178,0.40885061785539245,0.27183392656447913,0
0.5249934326457544,0.3085045312450991,0.44237800675680616,0.32779138526164786,0
0.954568561291878,0.18614309996814554,0.6764284379582596,0.4343205363619391,0
0.631265448263327,0.37504379394119336,0.3073749959056149,0.1353424728174871,0
0.7409612992127823,0.7243140032033397,0.754003892863291,0.3066383446785718,0
0.6179267600882911,0.633115295734026,0.2279234114141119,0.6935596917766932,0
0.5664966871273631,0.5096981341736211,0.49904201294126893,0.11631163694115676,0
0.3607763076223912,0.8342498124915559,0.22664037524388259,0.6739194222063419,0
0.8052877114670287,0.2512127869703771,0.9154999019192473,0.5842204348275126,0
0.15073794698583443,0.8227233080493971,0.10797695660212202,0.9709853187426057,1
0.11295413976678029,0.30560926719816883,0.643415907654449,0.2528929054456618,0
0.8523821084609853,0.5070864560664702,0.9935351550991633,0.29590065962248246,1
0.9409303132921134,0.6952335499633729,0.781579186420995,0.4881104828124021,1
0.9723722820571891,0.8180322839727711,0.21233873257016347,0.5396460693939148,1
0.6309259181691698,0.4813644282838866,0.36576144464314897,0.7525054686692069,0
0.9552136184387222,0.1513492490361289,0.36104097876619323,0.5769465282372097,0
0.45865426095763606,0.768435869079983,0.9475531404570325,0.5265290981044924,0
0.6355701376302293,0.33336708297919637,0.8550975949462096,0.43724977345663885,0
0.7336717912893012,0.41807924137244634,0.8150639900416738,0.3758171212385383,0
0.6276068488151175,0.7636903918493371,0.9830293586126397,0.16051076208150505,0
0.9070888821637827,0.8901768884005625,0.45561781685035296,0.1446529360049537,1
0.6971515921972502,0.5013124357390735,0.8725075091192088,0.7735202682991658,0
0.43924998648241687,0.47271677727603434,0.1680445365550757,0.6201020014246795,0
0.2143544613866963,0.8205280291981746,0.10495521924437874,0.971259230845683,1
0.9725233899478319,0.2561720634878578,0.20036099108914876,0.8213011986006583,0
0.7979748550255095,0.7988027018497522,0.8800933190554002,0.8332039042389903,0
0.5459421845855786,0.1725413623814122,0.9703317477305315,0.937358578152393,1
0.4204870533080617,0.6405349000245556,0.5250536237466835,0.5588686085954119,0
0.87084085706949,0.6208078677151541,0.9219582528186131,0.4823657585812783,1
0.1874588443936917,0.6237742617229589,0.4911363647728406,0.9061072998569007,0
0.8194742910720814,0.7889616090919988,0.26133005071701104,0.1751724232120169,0
0.9663835732101326,0.8355679929662443,0.7320328894284979,0.1075273136891714,1
0.7796235301062571,0.8558751725800483,0.16917586774854715,0.17404509184935568,0
0.11629916543875646,0.13750561054214586,0.49329629709905876,0.12919910144246827,0
0.11309019910109375,0.3473254319933225,0.16561165183111315,0.4767465474264969,0
0.7872452147437847,0.4523731283600464,0.48036627731224824,0.7039838413773785,0
0.3135041125623951,0.5472671346152472,0.7100318802790397,0.13142039739060143,0
0.5386880784245623,0.10289643724385082,0.7413591997886615,0.4601910482647048,0
0.9056861539184794,0.41281437181508385,0.733471382470898,0.23684371068204263,0
0.8660230043651712,0.20557737006615504,0.7022802366442706,0.6450741003910703,0
0.9082488604966423,0.8618629048212503,0.9264151780078934,0.9446339423927391,1
0.9525237196454728,0.25943481050264733,0.37209992441634443,0.6845580367367026,0
0.17983228038135007,0.41949667524874357,0.385828115735005,0.35077875680353277,0
0.5523733837946729,0.30695914530197754,0.14332855238051811,0.6469774147860873,0
0.6371585640252003,0.8577402101126278,0.9732313987534513,0.4835091141570077,1
0.889605418042883,0.9388252949590157,0.37355176111665145,0.3249612517578591,1
0.6250526152895084,0.6730027139504866,0.9645642779618798,0.6191716430194302,0
0.43881703019024465,0.6827272427391426,0.11720448498678764,0.1765931375078068,0
0.3178497443603504,0.7774449756018771,0.31588670148035025,0.6843900921191934,0
0.8789564133045822,0.7254559800122156,0.5642757124410953,0.4528842192141155,0
0.5577136220482325,0.9349770548756917,0.7263092063519222,0.49061887543788296,0
0.6789593965981179,0.28959597010509996,0.47983083411487515,0.3447514354766039,0
0.8315196105317523,0.8813280289397548,0.49639721528118164,0.9830061170811422,1
0.6160940993109575,0.15137817048038338,0.12478304788251894,0.4243841444273375,0
0.40763561652808844,0.4311466761718761,0.3035127981247048,0.37762145334053565,0
0.2679130529974323,0.8897147763673423,0.6537682225628219,0.11237099861021073,0
0.5284453619791897,0.12357703767885832,0.5466328775941254,0.4579159729897493,0
0.4493529335858697,0.9211270110550218,0.11053594965781366,0.8166173054872317,0
0.7553698805832431,0.2201319751743494,0.5917872844700626,0.8355747809919131,0
0.7566455605042577,0.6520702502896369,0.19492632996096754,0.46733652178002827,0
0.650548671610917,0.8107286564282312,0.10140859467232562,0.5662072597641623,0
0.7049219926652907,0.24274459476376634,0.22777479078489452,0.942652559322034,0
0.9071095689154106,0.751904935415867,0.22858836520547055,0.5406620158452203,0
0.9103762514469974,0.41129475125766113,0.7036590807152506,0.9575335153022554,1
0.8225681037382103,0.2851185359759996,0.9335746615886038,0.415737198401514,0
0.6700633808593811,0.6336459413575328,0.6888632970924656,0.27934330282012076,0
0.2403950683025824,0.6929050300396457,0.7834584361761673,0.849547339109444,0
0.772848442158626,0.7923744042772058,0.276249775720843,0.7813433032287629,0
0.13094966900369656,0.38687725263886297,0.5710518202369298,0.2019731542547178,0
0.5424542876051491,0.3319145996600923,0.7760602430275763,0.900215131546009,1
0.902841899659402,0.9855798831638454,0.3675140269377555,0.19481093603319988,1
0.7419203085006955,0.6846819840931316,0.9680289885107305,0.9618229135754356,1
0.30514164628774754,0.6897177825751195,0.985699287132848,0.7594601273075486,0
0.2249444553844691,0.7231925361919327,0.8402813149457771,0.9563003430967828,1
0.20446537645622462,0.9967005244510677,0.7179309221433461,0.2754776799102603,0
0.11391095487598069,0.784921591848699,0.8701264844537855,0.7319314865636465,0
0.48269215402231014,0.8147775981493758,0.4338469073419887,0.9912990734142835,1
0.2788441133807552,0.31024697594491896,0.5674472735535436,0.6490066753715371,0
0.2857791445845429,0.8097534682051658,0.7831047542697379,0.19022100735058897,1
0.6664587743217363,0.8360507945575194,0.34819081142622127,0.2383219385597841,0
0.5625905402438297,0.6279476168579267,0.4645924250748098,0.3824879470502235,0
0.5090869582909959,0.5900401881647646,0.949637884442858,0.3493112718933809,0
0.172210371095478,0.8812510210967053,0.7418861949543559,0.7521384581628661,0
0.22579513896366055,0.5584799153348108,0.1591253730589292,0.1556276146203004,0
0.5749309981776699,0.39432984540691485,0.5800479658888263,0.8543394774897783,0
0.3266040662428278,0.4130282871119738,0.58671437948699,0.9286899476170216,0
0.560208158974844,0.5324562525320461,0.9554779473275832,0.8525059328865239,0
0.5519755092981183,0.8982324101883425,0.607666625950166,0.7432779487995512,0
0.4860946246375165,0.3238428453288669,0.12290298391517579,0.8603842129797061,0
0.26636900997297436,0.11914246976534842,0.17355281117210042,0.33784863684277533,0
0.20428215357261675,0.9549650655552028,0.7948112286789913,0.9502626329047716,1
0.1572025152574213,0.8912064768059482,0.9182981852754042,0.6288272839984617,1
0.9649632857225097,0.651645624245073,0.9558357350522936,0.46697329450245906,1
0.5360706866719193,0.9618627560548422,0.9189488294689528,0.8866645959746666,1
0.9229707513324638,0.7620968028152708,0.5155445294318072,0.22191358311522175,0
0.44550209923589024,0.11727304914075103,0.6204685594783246,0.697171234522107,0
0.12387898348643775,0.10470665218862146,0.7889920754642747,0.4411364368447316,0
0.6849675376999886,0.9879963339404318,0.5556394535456824,0.5365851939815861,0
0.4210779940242304,0.4759901039506004,0.5133158898372623,0.6612839004612395,0
0.1732139025777098,0.7060891899924255,0.23873053886063839,0.9362255680139164,0
0.6387926357773329,0.759002397768605,0.3245915798645555,0.662386689646299,0
0.40385365426326514,0.29816488175483025,0.5746596599104087,0.589828569502328,0
0.6097641762672075,0.4010601598677389,0.9523816003976672,0.629516998884838,0
0.2053603147848453,0.88112646506802,0.8995633050778131,0.6282428559030163,1
0.4158235112968708,0.6752079440339503,0.3825700456396176,0.8779899221815277,0
0.884314531168946,0.62207758705403,0.2368938549000456,0.8897230419890337,0
0.5608837524693528,0.6686321743150015,0.2573932934583635,0.24354303628722246,0
0.47764005618501093,0.6928369979507885,0.6727612331650663,0.2262920663741635,0
0.9233779511984037,0.7938296601796468,0.6245261515751407,0.5868145034542728,0
0.7587945476302645,0.8856512522887674,0.915629122468933,0.3254211089132491,1
0.22313676782706526,0.16206221472077909,0.37880907328818936,0.45511508378703147,0
0.29110519961044856,0.13548413023165531,0.22532083400583566,0.4176626531071209,0
0.7994322243346931,0.5474572876075846,0.34322292291770495,0.509287908297395,0
0.18805074458590132,0.12758725198522547,0.4770530111687279,0.6887194633250863,0
0.12386017948745964,0.9106316776101326,0.9122079765572575,0.7265405306241327,1
0.2559648880637612,0.7584305695797987,0.4551184680378818,0.10478212810151136,0
0.43955574679416043,0.9343008711318658,0.7322864513813263,0.2867868425851331,0
0.5552998109960194,0.560999728731407,0.6125858016103933,0.6353626415517186,0
0.39066082564712135,0.8215552747628126,0.6553598645060211,0.1618423099515649,0
0.4756699028339011,0.7510781023197265,0.24601006520423144,0.8245812866460964,0
0.4847869165226947,0.2677944359298291,0.6711241757952734,0.19170379078564312,0
0.5467296224811127,0.8854572254361417,0.7333298016661458,0.14551579344180599,0
0.624737404872723,0.13178021944621518,0.474909245634063,0.32605234079356116,0
0.9330116616160987,0.26667601108072114,0.24550429261326573,0.41276691578237923,0
0.9462072172824618,0.3491450175115464,0.5805707252929874,0.8396478519268233,0
0.25379882865105924,0.6768748696107988,0.11322404978945846,0.7954942776985712,0
0.6813255171984411,0.4572833653668551,0.2907946492287923,0.6536162264870798,0
0.4952214177131966,0.4309834157895607,0.9664915152278855,0.7784812744389217,0
0.8890890730855745,0.5284163164318899,0.3177039647016003,0.4904595305697198,0
0.9593787525968747,0.9782787302372181,0.8414113457991652,0.8037639794421633,1
0.263735317445744,0.24833333415649342,0.7828986283815926,0.7082406325936662,0
0.46786075398828675,0.85663272521008,0.4775031945615822,0.8445719347635213,0
0.8865010698062638,0.39537347824838043,0.43235269319398695,0.2467172024333976,0
0.9473183278988726,0.7598017201737529,0.6194798980610957,0.9451616315052624,1
0.25603623576527934,0.4425609641289221,0.6803493436200824,0.3137307010770317,0
0.11170173115966243,0.41984611181716547,0.4827053668939245,0.5862668786112766,0
0.379884089544096,0.9502588200622692,0.5848316181574428,0.7310256349757263,0
0.8146226703432664,0.8213834006946906,0.3614540551042784,0.27154884976700483,0
0.13301488260153813,0.18700880468204767,0.5444326364112358,0.8133353318882213,0
0.38738227383137336,0.28525708903309144,0.7194468122022133,0.4700723661951274,0
0.7356180044408466,0.2816681069106535,0.5872668466128267,0.9353638883025563,0
0.36383295723491194,0.6543869052341611,0.5851850974624079,0.23179263094253452,0
0.7847065437552077,0.6469631153909732,0.2833898132149202,0.45913178587819126,0
0.6632739241428127,0.13609827227123425,0.10911806562496905,0.3173505651935501,0
0.6114777430019245,0.23595210260281022,0.5866286289804193,0.24522652094984534,0
0.9550557703457244,0.2007276574579551,0.22649767082052472,0.21707260284605226,0
0.27571868901824004,0.6865001428382965,0.7010242149037659,0.45192958221465884,0
0.2678666593598688,0.5567209603847526,0.21363826740805247,0.1948538962970247,0
0.32436300623398745,0.2565057242975386,0.385085509360774,0.49096298710594877,0
0.3188549718995087,0.9926289562144271,0.8522433351194644,0.4628895698654405,1
0.35982436309362986,0.6146850441044679,0.8708835013731342,0.11017228293012023,0
0.5793555398095208,0.4593843242283774,0.9694427546158095,0.9286656853083718,1
0.9376815930432082,0.8459950292943486,0.4112897146640717,0.9965419061489009,1
0.492513876221785,0.7498638443824633,0.6967424726230802,0.45563976772507453,0
0.373818018663584,0.2625178106146002,0.41260899363295844,0.7594291455312524,0
0.9430569898630611,0.7849251122518252,0.7247355161588479,0.8327131170320456,0
0.17964325184672755,0.7904694600380142,0.5160660049005465,0.6432734805034376,0
0.1549701638693774,0.9947254250990508,0.4242105269203851,0.6011064198353692,0
0.8889882423925105,0.3052717947540392,0.16508482773214475,0.22967090741187962,0
0.7799960246887438,0.7824146281336821,0.9155289292891897,0.10814874542233388,0
0.7941433120173511,0.4458939824437135,0.31491659024338536,0.952060356031056,0
0.8294979977036496,0.9082274940549883,0.5291591214860354,0.4470378332620001,0
0.19904673207490908,0.8285644672523903,0.47598488134758976,0.5130464649371383,0
0.98854851638345,0.31913406691866936,0.7189498381875046,0.16393140013960192,0
0.15180288401497988,0.9879671106629622,0.36032029477538907,0.8534076650475869,0
0.3898712490248605,0.8578299649387792,0.19482843002577083,0.9175910966914378,1
0.5218238438154733,0.33109891094845717,0.35088388517309776,0.23254800719688185,0
0.1185260448662222,0.299088497637642,0.13025224016495437,0.5939727985696204,0
0.32295789055104174,0.5483761448078251,0.14602184329789067,0.7040417260417198,0
0.975709499277201,0.45783495816651487,0.3711387346840004,0.3173831575315136,0
0.7641072250261917,0.40320621259399614,0.9595544603364901,0.7765722931562564,0
0.8396740533613206,0.734212686462982,0.4063483938290552,0.6371666891989834,0
0.7270634488277355,0.4519733829865846,0.8718061038951553,0.48911160376301255,0
0.9556428757689246,0.5877108526405224,0.32228091916479984,0.8170132574722351,0
0.5014051956621601,0.35396836722388014,0.8842726307717689,0.2452306225495448,0
0.5132221806144351,0.30875238650437786,0.2106286106188488,0.5348627769823017,0
0.3329019834400152,0.8973799734125684,0.8741257240144915,0.7640964863511456,1
0.8794575005503675,0.11640932440872548,0.559389240103809,0.8352765165446531,0
0.46847048697211635,0.43147857745616347,0.9701609498193569,0.980519308351171,1
0.5433625938617732,0.93785382595628,0.22527703121112597,0.2506213290131029,0
0.3741523922560336,0.4058874673912596,0.20268620639914003,0.48881703483505545,0
0.17358312875398474,0.391900377803838,0.7668136505368643,0.8179590370133926,0
0.16709557931179375,0.4191599418766989,0.2482357180890663,0.3258037411219923,0
0.90330309864098,0.3390400383298355,0.17511767649044496,0.3235386343328202,0
0.30123625466750736,0.8836781053035332,0.5279914337381441,0.8536303717931356,0
0.2997749457396545,0.6085197935731145,0.26752230797801313,0.3082425727391632,0
0.9012374055018246,0.5038242603602776,0.4377969171276417,0.48100162973787775,0
0.9863570790661012,0.6942724477312043,0.322606284237175,0.7228101303519893,0
0.36500400286262713,0.8168835618785587,0.18447155634102058,0.5792536597743836,0
0.3059183489424602,0.726418556248413,0.34921403864002803,0.6305085905362274,0
0.9034045399692774,0.2822325041487137,0.1491709780008751,0.5356185152584637,0
0.4261545092049698,0.40444075539504853,0.1404201690960543,0.20677938916742228,0
0.3957980908329244,0.20989892260902412,0.13509641131742045,0.6889078049434477,0
0.23537520199317538,0.9343310903166759,0.7504362619284056,0.28971379139502573,1
0.9729188669457949,0.9889012071969823,0.15638788310981908,0.3588694561393104,1
0.14070456001948428,0.5318880582735179,0.6858761204358588,0.1680252524686603,0
0.8175658292015983,0.8082130476297655,0.5919194278290655,0.6927952194457903,0
0.5605096979040995,0.6984205520384962,0.10392694268527819,0.5124912351288179,0
0.753147557549524,0.7883949353879154,0.9037811846758734,0.15615466173844952,0
0.6137004742020207,0.5024822864543521,0.6916181339531157,0.9195451454929796,0
0.8643010694447602,0.3459335742983884,0.20132235137074334,0.7591609441525412,0
0.5920392514089517,0.8830889865108369,0.5891843956083814,0.4578511406975835,0
0.22376884973139394,0.5871399208084993,0.5613892778305477,0.7166208788870356,0
0.7561064512368886,0.4849958203622762,0.8835205825414062,0.8794860702505224,0
0.6188648279628282,0.16935245122089804,0.13818006838620253,0.47633030934651965,0
0.22554447458683766,0.3676141066352957,0.6041513651156577,0.4894901916393364,0
0.9769553268995498,0.44180720216130687,0.9826654092250865,0.27698822645766286,1
0.19710228429397403,0.41511273325005715,0.4563734253962094,0.4902245133693529,0
0.2000777340755362,0.12734835372715317,0.6224208408943264,0.9475227879922274,0
0.8746575249307091,0.4676078917636288,0.24935940576620652,0.17303426068261524,0
0.6342332081986438,0.21494213527171135,0.9611198339358575,0.5385388186900457,0
0.6701303978435326,0.6780929733147046,0.7788234337138726,0.719241001366716,0
0.6312076001821784,0.22181867404991698,0.4568983137909669,0.14616446408309403,0
0.4370861069626263,0.2666196359547577,0.3355351153623154,0.7054326947880082,0
0.39474761696012317,0.6612271192024838,0.6797342993283243,0.519669471645837,0
0.823304869209203,0.1823381536579794,0.49629107653151405,0.7648508356539098,0
0.6410035105688879,0.32470120797326735,0.15882954180794673,0.7066179271529134,0
0.9548199219627316,0.6471145835141001,0.8622719687863544,0.8626491375142363,1
0.14140237781957748,0.9773138459321048,0.2030388742593146,0.9013685654973956,1
0.4029438503745285,0.3806345197767337,0.21299519328638805,0.38579473023182964,0
0.517328564445984,0.6431037340432401,0.560147915980676,0.6931408691190092,0
0.2558816829190137,0.8814452548675424,0.17216201267371312,0.6691521918955486,0
0.4335779323602018,0.49937519737411407,0.850284965743827,0.9960679985489951,1
0.41801700522344754,0.7013915186995147,0.5430929320010638,0.29010864832563793,0
0.16641690826185898,0.8270613477471327,0.21758710944111664,0.9648281322359422,1
0.2152412550619952,0.48537965343305334,0.31773851228397665,0.21340182507759486,0
0.38804464092755064,0.6974240748596245,0.7094085757615084,0.7733655208439617,0
0.9050970042046823,0.6576304037138566,0.8351015198550724,0.804968184660443,1
0.45835182423184895,0.7971704025740092,0.29986828362398854,0.39536153451785083,0
0.2870976296314246,0.598803862718815,0.21508012110017583,0.4881715357069132,0
0.45036605263777896,0.4454496567397396,0.9806729215502265,0.6249271530813011,0
0.40167751748131086,0.44374567568760637,0.42132640957301093,0.5296153583101612,0
0.5996807304395161,0.16105335319465472,0.7894582988817723,0.4184102428627924,0
0.8284250399306623,0.7254836975138883,0.1938023225275129,0.3279451451704436,0
0.6727693701374023,0.9721923671267302,0.579725980521526,0.7735459147086082,0
0.4731617113543214,0.31662344064925446,0.4214090433704526,0.6907686431505912,0
0.42294743571115223,0.21763933906617955,0.948451887184701,0.32199275422486584,0
0.33214746494364006,0.19225875519161134,0.6878465114781547,0.5635050937387508,0
0.570788059753134,0.4920249833316397,0.8147895962944649,0.46169847990165713,0
0.9073992339573194,0.9719900697571223,0.878107248570403,0.8886874898280803,1
0.2261018581898073,0.47135965676376135,0.3726378150763864,0.8248870387413811,0
0.258748287855601,0.7732658614865789,0.3599964450182491,0.4461499683808914,0
0.7615639394234972,0.691062998087163,0.38698013648902496,0.13030876348701761,0
0.5766855205204059,0.37086721025213465,0.8096026089279688,0.8457000381154732,0
0.476418732661557,0.7463107686038449,0.8951182866874546,0.16031488397608898,0
0.7332920734420213,0.7122054181881622,0.4321477195848249,0.7828437890475286,0
0.6051494778125466,0.5614196599148578,0.5709966680752672,0.855821445997984,0
0.13538092585698905,0.8920711788053124,0.8554046431204021,0.6141344229433876,1
0.1845837458567821,0.1087937626772653,0.14108387095214536,0.8943038890951125,0
0.902028802328264,0.46372628948592964,0.7499289119103153,0.7296756126599095,0
0.28570034656521326,0.16085130723299343,0.14216671767484282,0.8431398564046003,0
0.5722807884690141,0.6111507074973666,0.9098500111185452,0.4640746470164827,0
0.16996117326848637,0.5171446394205151,0.879019431062097,0.8974840917818874,0
0.1959384278203946,0.5123681980641034,0.7343839090390435,0.30188670296817366,0
0.35635644493972085,0.3403254431524792,0.5240511090395332,0.34196816294397414,0
0.35286687063300726,0.725920486020876,0.8771927702630906,0.14679041677993676,0
0.5984688559611887,0.7860566212989542,0.8114588148473965,0.5823415709669064,0
0.3597674979162302,0.1232307162545383,0.7097880407130579,0.9653430921167009,0
0.4817176041721475,0.4147329067712646,0.5693136748493247,0.3337037550553726,0
0.6770328695967676,0.8567844214833303,0.28826691886713507,0.9085478199256314,1
0.6467903667112945,0.13330687124394336,0.27828786948376616,0.27909292506349315,0
0.3182234532712567,0.2371744119973757,0.7849340112257047,0.13605320714562505,0
0.8371920859067797,0.756557405787157,0.8763764240342611,0.8836196099116954,0
0.677828481538859,0.7824368763361204,0.9791202956595934,0.5980340707747946,0
0.4348162772135049,0.2527821145787867,0.48747640461598685,0.8993063700406322,0
0.7443750059626578,0.6313129214128956,0.547785866931492,0.2513832901898664,0
0.2683393737017711,0.7883288208126958,0.4638607725293822,0.11723993699612761,0
0.7264268170074757,0.5424350920672932,0.48738466928889124,0.28562690245253736,0
0.1910104085105112,0.700177831791494,0.3595648940368712,0.49806442490602176,0
0.6580654803356621,0.9636189798889301,0.522989441342143,0.2661692116126323,0
0.36388969452825815,0.13540918660165868,0.44578604168722025,0.3815001902893187,0
0.4966864722444053,0.5905242270072445,0.6234600636902742,0.3298027363869197,0
0.11655160889272007,0.3428386481153929,0.8025685456830014,0.4754740767081188,0
0.6648022720756571,0.10518279444830941,0.2339163724646041,0.9291767609916779,0
0.8153301731874836,0.904689283311221,0.768873878858443,0.5673021137021846,1
0.34507659386743206,0.8244900997126928,0.25058917360095434,0.5918126875553119,0
0.4530196405897591,0.7007949093623234,0.3091458907504431,0.6168588175811899,0
